timestamp,algorithm,event,sim_vm_id,details
2026-10-09T12:13:30.775190600Z,PAPER,INSTANCE_CREATED,1,"job=-;cloudInstance=1;state=ACTIVE"
2026-10-09T12:13:30.782192700Z,PAPER,INSTANCE_CREATED,2,"job=-;cloudInstance=2;state=ACTIVE"
2026-10-09T12:13:30.787193200Z,PAPER,SCHEDULE_ASSIGN,1,"job=J1;t=0;reason=FCFS allocation"
2026-10-09T12:13:30.799192800Z,PAPER,PROCESS_SUBMITTED,1,"job=J1;t=0;cloudInstance=1;cloudJob=1;requestedSeconds=12"
2026-10-09T12:13:30.801190100Z,PAPER,SCHEDULE_ASSIGN,2,"job=J2;t=0;reason=FCFS allocation"
2026-10-09T12:13:30.804196100Z,PAPER,PROCESS_SUBMITTED,2,"job=J2;t=0;cloudInstance=2;cloudJob=2;requestedSeconds=8"
2026-10-09T12:13:30.809191800Z,PAPER,SCHEDULER_SUSPEND,1,"job=J1;t=3;executionControl=SIMULATED_ONLY"
2026-10-09T12:13:30.820191300Z,PAPER,SCHEDULE_ASSIGN,1,"job=J3;t=3;reason=allocated after paper preemption"
2026-10-09T12:13:30.825191700Z,PAPER,PROCESS_SUBMITTED,1,"job=J3;t=3;cloudInstance=1;cloudJob=3;requestedSeconds=3"
2026-10-09T12:13:30.831193700Z,PAPER,SCHEDULER_COMPLETE,1,"job=J3;t=6"
2026-10-09T12:13:30.831193700Z,PAPER,SCHEDULE_ASSIGN,1,"job=J1;t=6;reason=resume suspended job"
2026-10-09T12:13:30.834379800Z,PAPER,SCHEDULER_COMPLETE,2,"job=J2;t=8"
2026-10-09T12:13:30.835379800Z,PAPER,SCHEDULER_COMPLETE,1,"job=J1;t=15"
2026-10-09T12:13:30.850380300Z,EDVA,INSTANCE_CREATED,1,"job=-;cloudInstance=3;state=ACTIVE"
2026-10-09T12:13:30.856386900Z,EDVA,INSTANCE_CREATED,2,"job=-;cloudInstance=4;state=ACTIVE"
2026-10-09T12:13:30.857386300Z,EDVA,SCHEDULE_ASSIGN,1,"job=J1;t=0;reason=FCFS allocation"
2026-10-09T12:13:30.861387400Z,EDVA,PROCESS_SUBMITTED,1,"job=J1;t=0;cloudInstance=3;cloudJob=4;requestedSeconds=12"
2026-10-09T12:13:30.863388500Z,EDVA,SCHEDULE_ASSIGN,2,"job=J2;t=0;reason=FCFS allocation"
2026-10-09T12:13:30.866386300Z,EDVA,PROCESS_SUBMITTED,2,"job=J2;t=0;cloudInstance=4;cloudJob=5;requestedSeconds=8"
2026-10-09T12:13:30.872897700Z,EDVA,SCHEDULER_SUSPEND,2,"job=J2;t=3;executionControl=SIMULATED_ONLY"
2026-10-09T12:13:30.875899100Z,EDVA,SCHEDULE_ASSIGN,2,"job=J3;t=3;reason=allocated after EDVA preemption"
2026-10-09T12:13:30.878898600Z,EDVA,PROCESS_SUBMITTED,2,"job=J3;t=3;cloudInstance=4;cloudJob=6;requestedSeconds=3"
2026-10-09T12:13:30.881898500Z,EDVA,SCHEDULER_COMPLETE,2,"job=J3;t=6"
2026-10-09T12:13:30.882898100Z,EDVA,SCHEDULE_ASSIGN,2,"job=J2;t=6;reason=resume suspended job"
2026-10-09T12:13:30.883898400Z,EDVA,SCHEDULER_COMPLETE,2,"job=J2;t=11"
2026-10-09T12:13:30.884897700Z,EDVA,SCHEDULER_COMPLETE,1,"job=J1;t=12"
